methode,lam,taux_octroi,ecart_parite,ecart_egalite_chances,accord_comite
lambda=0.0,0.0,0.4,0.2248922104052889,0.32689127738735013,0.8853333333333333
lambda=0.1,0.1,0.4,0.20557631503305546,0.2984359928345046,0.884
lambda=0.2,0.2,0.4,0.1738430583501006,0.25310045473336085,0.8846666666666667
lambda=0.3,0.3,0.4,0.14624892210405288,0.2124500482292958,0.8826666666666667
lambda=0.4,0.4,0.4,0.13107214716872667,0.19432961278765326,0.88
lambda=0.5,0.5,0.4,0.11175625179649323,0.16587432823480774,0.8786666666666667
lambda=0.6,0.6,0.4,0.09244035642425985,0.13741904368196223,0.8773333333333333
lambda=0.7,0.7,0.4,0.07174475423972404,0.10834366818244456,0.872
lambda=0.8,0.8,0.4,0.048289738430583484,0.07520325203252032,0.8666666666666667
lambda=0.9,0.9,0.4,0.019315895372233383,0.03252032520325199,0.8566666666666667
lambda=1.0,1.0,0.4,-0.002759413624604745,0.0,0.8533333333333334
production (foret aleatoire),,0.382,0.1875711411325094,0.31814110513986493,0.8813333333333333
fairlearn demographic_parity,,0.38333333333333336,-0.014371945961483168,-0.01880942538238939,0.8466666666666667
fairlearn true_positive_rate_parity,,0.394,0.14852543834435183,0.2214758164530798,0.8793333333333333
